<?xml version="1.0" encoding="UTF-8"?>
<!DOCTYPE suite SYSTEM "https://testng.org/testng-1.0.dtd">
<suite name="Failed suite [s1]">
  <listeners>
    <listener class-name="com.webtest.core.JavaMailTestListener"/>
  </listeners>
  <test thread-count="5" name="t2(failed)">
    <classes>
      <class name="com.webtest.demo.Drop_down_list">
        <methods>
          <include name="DropdownList_EditAll"/>
          <include name="DropdownList_AddChild"/>
          <include name="doAfterMethod"/>
          <include name="DropdownList_Move"/>
          <include name="Search_RecycleBin"/>
          <include name="DropdownList_AddChild1"/>
          <include name="DropdownList_AddChild_child"/>
          <include name="Search_RecycleBin_Reduction"/>
          <include name="Search_AddPicture"/>
          <include name="DropdownList_Delete"/>
          <include name="DropdownList_up"/>
          <include name="DropdownList_Show2"/>
          <include name="Search_Copy"/>
          <include name="doBeforeClass"/>
        </methods>
      </class> <!-- com.webtest.demo.Drop_down_list -->
    </classes>
  </test> <!-- t2(failed) -->
</suite> <!-- Failed suite [s1] -->
